Workbook

Sheet Emissions
A1: Model | B1: Scenario | C1: Region | D1: Variable | E1: Position | F1: Type | G1: Position2 | H1: Index | I1: Code | J1: Linestyle | K1: Delayed | L1: Color | M1: Baseline | N1: Unit | O1: =P1-5 -> 2015 | P1: 2020 | Q1: 2025 | R1: 2030 | S1: 2035 | T1: 2040 | U1: 2045 | V1: 2050 | W1: 2055 | X1: 2060 | Y1: 2065 | Z1: 2070 | AA1: 2075 | AB1: 2080 | AC1: 2085 | AD1: 2090 | AE1: 2095 | AF1: 2100
A2: GCAM2022 | B2: Current Policies | C2: World | D2: Emissions|CO2 | E2: 11 | F2: NT | G2: 35 | H2: 35 | I2: 1 | J2: solid | K2: 0 | L2: black | M2: 1 | N2: Mt CO2/yr | O2: 40.088074 | P2: =Feuil3!F3/1000 -> 38.537706 | Q2: =Feuil3!G3/1000 -> 39.061773 | R2: =Feuil3!H3/1000 -> 38.568909 | S2: =Feuil3!I3/1000 -> 37.659128 | T2: =Feuil3!J3/1000 -> 36.220929 | U2: =Feuil3!K3/1000 -> 35.140151 | V2: =Feuil3!L3/1000 -> 34.318722 | W2: =Feuil3!M3/1000 -> 36.438578 | ... AF2: =Feuil3!V3/1000 -> 39.30583
A3: MESSAGE2022 | B3: Current Policies | C3: World | D3: Emissions|CO2 | E3: 11 | F3: NT | G3: 35 | H3: 35 | I3: 1 | J3: dashed | K3: 0 | L3: black | M3: 1 | N3: Mt CO2/yr | O3: 43.281866 | P3: =Feuil3!F9/1000 -> 41.34183 | Q3: =Feuil3!G9/1000 -> 42.693484 | R3: =Feuil3!H9/1000 -> 44.317294 | S3: =Feuil3!I9/1000 -> 44.601774 | T3: =Feuil3!J9/1000 -> 44.587566 | U3: =Feuil3!K9/1000 -> 45.551975 | V3: =Feuil3!L9/1000 -> 46.300715 | W3: =Feuil3!M9/1000 -> 46.725419 | X3: =Feuil3!N9/1000 -> 48.02797 | Z3: =Feuil3!P9/1000 -> 49.652561 | AB3: =Feuil3!R9/1000 -> 57.374434 | AD3: =Feuil3!T9/1000 -> 64.467617 | AF3: =Feuil3!V9/1000 -> 71.241989
A4: REMIND2022 | B4: Current Policies | C4: World | D4: Emissions|CO2 | E4: 11 | F4: NT | G4: 35 | H4: 35 | I4: 1 | J4: dotted | K4: 0 | L4: black | M4: 1 | N4: Mt CO2/yr | O4: 39.283613 | P4: =Feuil3!F15/1000 -> 42.508357 | Q4: =Feuil3!G15/1000 -> 41.673561 | R4: =Feuil3!H15/1000 -> 41.798738 | S4: =Feuil3!I15/1000 -> 41.753327 | T4: =Feuil3!J15/1000 -> 42.2667 | U4: =Feuil3!K15/1000 -> 43.520907 | V4: =Feuil3!L15/1000 -> 45.144461 | W4: =Feuil3!M15/1000 -> 45.583024 | X4: =Feuil3!N15/1000 -> 45.977712 | Z4: =Feuil3!P15/1000 -> 46.188936 | AB4: =Feuil3!R15/1000 -> 45.562327 | AD4: =Feuil3!T15/1000 -> 43.890707 | AF4: =Feuil3!V15/1000 -> 41.655513
A5: GCAM2022 | B5: Nationally Determined Contributions (NDCs) | C5: World | D5: Emissions|CO2 | E5: 12 | F5: NT | G5: 35 | H5: 35 | I5: 2 | J5: solid | K5: 0 | L5: grey | M5: 0 | N5: Mt CO2/yr | O5: 40.088074 | P5: =Feuil3!F6/1000 -> 38.708624 | Q5: =Feuil3!G6/1000 -> 36.542449 | R5: =Feuil3!H6/1000 -> 35.154725 | S5: =Feuil3!I6/1000 -> 33.773841 | T5: =Feuil3!J6/1000 -> 31.0119 | U5: =Feuil3!K6/1000 -> 28.71599 | V5: =Feuil3!L6/1000 -> 26.673757 | W5: =Feuil3!M6/1000 -> 25.706808 | ... AF5: =Feuil3!V6/1000 -> 14.735333
A6: MESSAGE2022 | B6: Nationally Determined Contributions (NDCs) | C6: World | D6: Emissions|CO2 | E6: 12 | F6: NT | G6: 35 | H6: 35 | I6: 2 | J6: dashed | K6: 0 | L6: grey | M6: 0 | N6: Mt CO2/yr | O6: 43.281866 | P6: =Feuil3!F12/1000 -> 41.34183 | Q6: =Feuil3!G12/1000 -> 40.689748 | R6: =Feuil3!H12/1000 -> 40.438207 | S6: =Feuil3!I12/1000 -> 38.499777 | T6: =Feuil3!J12/1000 -> 36.537916 | U6: =Feuil3!K12/1000 -> 34.595595 | V6: =Feuil3!L12/1000 -> 33.016916 | W6: =Feuil3!M12/1000 -> 31.084386 | X6: =Feuil3!N12/1000 -> 30.147987 | Z6: =Feuil3!P12/1000 -> 28.749206 | AB6: =Feuil3!R12/1000 -> 26.790689 | AD6: =Feuil3!T12/1000 -> 23.689209 | AF6: =Feuil3!V12/1000 -> 24.482797
A7: REMIND2022 | B7: Nationally Determined Contributions (NDCs) | C7: World | D7: Emissions|CO2 | E7: 12 | F7: NT | G7: 35 | H7: 35 | I7: 2 | J7: dotted | K7: 0 | L7: grey | M7: 0 | N7: Mt CO2/yr | O7: 39.283613 | P7: =Feuil3!F18/1000 -> 42.508357 | Q7: =Feuil3!G18/1000 -> 39.618271 | R7: =Feuil3!H18/1000 -> 38.033133 | S7: =Feuil3!I18/1000 -> 34.991889 | T7: =Feuil3!J18/1000 -> 31.336738 | U7: =Feuil3!K18/1000 -> 28.703442 | V7: =Feuil3!L18/1000 -> 27.560617 | W7: =Feuil3!M18/1000 -> 26.407343 | X7: =Feuil3!N18/1000 -> 25.028574 | Z7: =Feuil3!P18/1000 -> 21.037108 | AB7: =Feuil3!R18/1000 -> 17.946039 | AD7: =Feuil3!T18/1000 -> 15.325451 | AF7: =Feuil3!V18/1000 -> 13.72038
A8: GCAM2022 | B8: Below 2?C | C8: World | D8: Emissions|CO2 | E8: 13 | F8: Ord | G8: 35 | H8: 35 | I8: 3 | J8: solid | K8: 0 | L8: royalblue | M8: 0 | N8: Mt CO2/yr | O8: 40.088074 | P8: =Feuil3!F2/1000 -> 38.613033 | Q8: =Feuil3!G2/1000 -> 35.588837 | R8: =Feuil3!H2/1000 -> 31.691671 | S8: =Feuil3!I2/1000 -> 26.823859 | T8: =Feuil3!J2/1000 -> 21.933725 | U8: =Feuil3!K2/1000 -> 17.053859 | V8: =Feuil3!L2/1000 -> 11.938008 | W8: =Feuil3!M2/1000 -> 7.2715658 | ... AF8: =Feuil3!V2/1000 -> -2.9932889
A9: MESSAGE2022 | B9: Below 2?C | C9: World | D9: Emissions|CO2 | E9: 13 | F9: Ord | G9: 35 | H9: 35 | I9: 3 | J9: dashed | K9: 0 | L9: royalblue | M9: 0 | N9: Mt CO2/yr | O9: 43.281866 | P9: =Feuil3!F8/1000 -> 41.34183 | Q9: =Feuil3!G8/1000 -> 32.093758 | R9: =Feuil3!H8/1000 -> 27.122843 | S9: =Feuil3!I8/1000 -> 23.828817 | T9: =Feuil3!J8/1000 -> 20.68431 | U9: =Feuil3!K8/1000 -> 16.750095 | V9: =Feuil3!L8/1000 -> 13.017627 | W9: =Feuil3!M8/1000 -> 10.737502 | X9: =Feuil3!N8/1000 -> 8.7227741 | Z9: =Feuil3!P8/1000 -> 3.2318213 | AB9: =Feuil3!R8/1000 -> 0.80995913 | AD9: =Feuil3!T8/1000 -> 0.85043578 | AF9: =Feuil3!V8/1000 -> 0.87800921
A10: REMIND2022 | B10: Below 2?C | C10: World | D10: Emissions|CO2 | E10: 13 | F10: Ord | G10: 35 | H10: 35 | I10: 3 | J10: dotted | K10: 0 | L10: royalblue | M10: 0 | N10: Mt CO2/yr | O10: 39.283613 | P10: =Feuil3!F14/1000 -> 42.508357 | Q10: =Feuil3!G14/1000 -> 35.35456 | R10: =Feuil3!H14/1000 -> 30.912269 | S10: =Feuil3!I14/1000 -> 23.809812 | T10: =Feuil3!J14/1000 -> 18.069769 | U10: =Feuil3!K14/1000 -> 13.491411 | V10: =Feuil3!L14/1000 -> 10.374706 | W10: =Feuil3!M14/1000 -> 8.4737488 | X10: =Feuil3!N14/1000 -> 7.3855529 | Z10: =Feuil3!P14/1000 -> 6.0097754 | AB10: =Feuil3!R14/1000 -> 4.9945666 | AD10: =Feuil3!T14/1000 -> 3.9756376 | AF10: =Feuil3!V14/1000 -> 2.9353113
A11: GCAM2022 | B11: Net Zero 2050 | C11: World | D11: Emissions|CO2 | E11: 14 | F11: Ord | G11: 15 | H11: 15 | I11: 4 | J11: solid | K11: 0 | L11: limegreen | M11: 0 | N11: Mt CO2/yr | O11: 40.088074 | P11: =Feuil3!F7/1000 -> 38.406195 | Q11: =Feuil3!G7/1000 -> 31.878175 | R11: =Feuil3!H7/1000 -> 25.906152 | S11: =Feuil3!I7/1000 -> 18.384518 | T11: =Feuil3!J7/1000 -> 12.302103 | U11: =Feuil3!K7/1000 -> 5.9796456 | V11: =Feuil3!L7/1000 -> -0.29481832 | W11: =Feuil3!M7/1000 -> -2.2553272 | ... AF11: =Feuil3!V7/1000 -> -4.545045
A12: MESSAGE2022 | B12: Net Zero 2050 | C12: World | D12: Emissions|CO2 | E12: 14 | F12: Ord | G12: 12 | H12: 12 | I12: 4 | J12: dashed | K12: 0 | L12: limegreen | M12: 0 | N12: Mt CO2/yr | O12: 43.281866 | P12: =Feuil3!F13/1000 -> 41.34183 | Q12: =Feuil3!G13/1000 -> 27.567479 | R12: =Feuil3!H13/1000 -> 17.884385 | S12: =Feuil3!I13/1000 -> 12.199419 | T12: =Feuil3!J13/1000 -> 8.936835 | U12: =Feuil3!K13/1000 -> 6.353584 | V12: =Feuil3!L13/1000 -> 4.3548116 | W12: =Feuil3!M13/1000 -> 2.7837843 | X12: =Feuil3!N13/1000 -> 1.0684095 | Z12: =Feuil3!P13/1000 -> 0.67640234 | AB12: =Feuil3!R13/1000 -> 0.67746817 | AD12: =Feuil3!T13/1000 -> 0.8027761 | AF12: =Feuil3!V13/1000 -> 0.82860521
A13: REMIND2022 | B13: Net Zero 2050 | C13: World | D13: Emissions|CO2 | E13: 14 | F13: Ord | G13: 20 | H13: 20 | I13: 4 | J13: dotted | K13: 0 | L13: limegreen | M13: 0 | N13: Mt CO2/yr | O13: 39.283613 | P13: =Feuil3!F19/1000 -> 42.508357 | Q13: =Feuil3!G19/1000 -> 30.772056 | R13: =Feuil3!H19/1000 -> 23.406248 | S13: =Feuil3!I19/1000 -> 15.274397 | T13: =Feuil3!J19/1000 -> 8.9516035 | U13: =Feuil3!K19/1000 -> 4.9193684 | V13: =Feuil3!L19/1000 -> 2.3915162 | W13: =Feuil3!M19/1000 -> 0.7457596 | X13: =Feuil3!N19/1000 -> -0.4666065 | Z13: =Feuil3!P19/1000 -> -1.7087215 | AB13: =Feuil3!R19/1000 -> -1.8526998 | AD13: =Feuil3!T19/1000 -> -2.4390838 | AF13: =Feuil3!V19/1000 -> -3.4710987
A14: GCAM2022 | B14: Delayed transition | C14: World | D14: Emissions|CO2 | E14: 15 | F14: Dis | G14: 21 | H14: 21 | I14: 5 | J14: solid | K14: 1 | L14: orange | M14: 0 | N14: Mt CO2/yr | O14: 40.088074 | P14: =Feuil3!F4/1000 -> 38.459575 | Q14: =Feuil3!G4/1000 -> 39.439476 | R14: =Feuil3!H4/1000 -> 39.346202 | S14: =Feuil3!I4/1000 -> 29.474409 | T14: =Feuil3!J4/1000 -> 20.337224 | U14: =Feuil3!K4/1000 -> 10.962062 | V14: =Feuil3!L4/1000 -> 2.4535859 | W14: =Feuil3!M4/1000 -> -0.88338364 | ... AF14: =Feuil3!V4/1000 -> -4.8604791
A15: MESSAGE2022 | B15: Delayed transition | C15: World | D15: Emissions|CO2 | E15: 15 | F15: Dis | G15: 20 | H15: 20 | I15: 5 | J15: dashed | K15: 1 | L15: orange | M15: 0 | N15: Mt CO2/yr | O15: 43.281866 | P15: =Feuil3!F10/1000 -> 41.34183 | Q15: =Feuil3!G10/1000 -> 42.693484 | R15: =Feuil3!H10/1000 -> 44.317294 | S15: =Feuil3!I10/1000 -> 29.788684 | T15: =Feuil3!J10/1000 -> 19.008732 | U15: =Feuil3!K10/1000 -> 12.775317 | V15: =Feuil3!L10/1000 -> 8.6409799 | W15: =Feuil3!M10/1000 -> 5.7274445 | X15: =Feuil3!N10/1000 -> 3.3383527 | Z15: =Feuil3!P10/1000 -> -1.9168916 | AB15: =Feuil3!R10/1000 -> -5.3917963 | AD15: =Feuil3!T10/1000 -> -5.3813397 | AF15: =Feuil3!V10/1000 -> -5.3970033
A16: REMIND2022 | B16: Delayed transition | C16: World | D16: Emissions|CO2 | E16: 15 | F16: Dis | G16: 19 | H16: 19 | I16: 5 | J16: dotted | K16: 1 | L16: orange | M16: 0 | N16: Mt CO2/yr | O16: 39.283613 | P16: =Feuil3!F16/1000 -> 42.508357 | Q16: =Feuil3!G16/1000 -> 41.673561 | R16: =Feuil3!H16/1000 -> 41.798738 | S16: =Feuil3!I16/1000 -> 27.738971 | T16: =Feuil3!J16/1000 -> 16.860787 | U16: =Feuil3!K16/1000 -> 10.270301 | V16: =Feuil3!L16/1000 -> 6.6722495 | W16: =Feuil3!M16/1000 -> 4.9325434 | X16: =Feuil3!N16/1000 -> 3.8932641 | Z16: =Feuil3!P16/1000 -> 2.8177731 | AB16: =Feuil3!R16/1000 -> 3.0139262 | AD16: =Feuil3!T16/1000 -> 3.1944569 | AF16: =Feuil3!V16/1000 -> 2.4384922
A17: GCAM2022 | B17: Divergent Net Zero | C17: World | D17: Emissions|CO2 | E17: 16 | F17: Dis | G17: 10 | H17: 10 | I17: 6 | J17: solid | K17: 0 | L17: mediumseagreen | M17: 0 | N17: Mt CO2/yr | O17: 40.088074 | P17: =Feuil3!F5/1000 -> 38.611257 | Q17: =Feuil3!G5/1000 -> 26.994424 | R17: =Feuil3!H5/1000 -> 22.258491 | S17: =Feuil3!I5/1000 -> 16.466086 | T17: =Feuil3!J5/1000 -> 10.582757 | U17: =Feuil3!K5/1000 -> 4.547452 | V17: =Feuil3!L5/1000 -> -1.3621225 | W17: =Feuil3!M5/1000 -> -3.1958643 | ... AF17: =Feuil3!V5/1000 -> -4.8000168
A18: MESSAGE2022 | B18: Divergent Net Zero | C18: World | D18: Emissions|CO2 | E18: 16 | F18: Dis | G18: 21 | H18: 21 | I18: 6 | J18: dashed | K18: 0 | L18: mediumseagreen | M18: 0 | N18: Mt CO2/yr | O18: 43.281866 | P18: =Feuil3!F11/1000 -> 41.34183 | Q18: =Feuil3!G11/1000 -> 26.828106 | R18: =Feuil3!H11/1000 -> 16.863108 | S18: =Feuil3!I11/1000 -> 10.533443 | T18: =Feuil3!J11/1000 -> 7.4715531 | U18: =Feuil3!K11/1000 -> 5.3852956 | V18: =Feuil3!L11/1000 -> 3.796278 | W18: =Feuil3!M11/1000 -> 2.598713 | X18: =Feuil3!N11/1000 -> 1.3858119 | Z18: =Feuil3!P11/1000 -> 0.70915099 | AB18: =Feuil3!R11/1000 -> 0.81489091 | AD18: =Feuil3!T11/1000 -> 0.78098725 | AF18: =Feuil3!V11/1000 -> 0.97596346
A19: REMIND2022 | B19: Divergent Net Zero | C19: World | D19: Emissions|CO2 | E19: 16 | F19: Dis | G19: 24 | H19: 24 | I19: 6 | J19: dotted | K19: 0 | L19: mediumseagreen | M19: 0 | N19: Mt CO2/yr | O19: 39.283613 | P19: =Feuil3!F17/1000 -> 42.508357 | Q19: =Feuil3!G17/1000 -> 29.792989 | R19: =Feuil3!H17/1000 -> 21.60296 | S19: =Feuil3!I17/1000 -> 13.86274 | T19: =Feuil3!J17/1000 -> 8.5638601 | U19: =Feuil3!K17/1000 -> 5.1596706 | V19: =Feuil3!L17/1000 -> 3.1259888 | W19: =Feuil3!M17/1000 -> 2.1289352 | X19: =Feuil3!N17/1000 -> 1.4342301 | Z19: =Feuil3!P17/1000 -> 0.1436573 | AB19: =Feuil3!R17/1000 -> -0.619943 | AD19: =Feuil3!T17/1000 -> -1.4582187 | AF19: =Feuil3!V17/1000 -> -2.6094112

Sheet CPrice
A1: Model | B1: Scenario | C1: Region | D1: Variable | E1: Unit | F1: 2015 | G1: 2020 | H1: 2025 | I1: 2030 | J1: 2035 | K1: 2040 | L1: 2045 | M1: 2050 | N1: 2055 | O1: 2060 | P1: 2065 | Q1: 2070 | R1: 2075 | S1: 2080 | T1: 2085 | U1: 2090 | V1: 2095 | W1: 2100
A2: GCAM2022 | B2: Current Policies | C2: World | D2: Price|Carbon | E2: US$2010/t CO2 | F2: 0 | G2: =1.186905016*Feuil1!F3/10 -> 0 | H2: =1.186905016*Feuil1!G3/10 -> 0 | I2: =1.186905016*Feuil1!H3/10 -> 0 | J2: =1.186905016*Feuil1!I3/10 -> 0 | K2: =1.186905016*Feuil1!J3/10 -> 0 | L2: =1.186905016*Feuil1!K3/10 -> 0 | M2: =1.186905016*Feuil1!L3/10 -> 0 | N2: =1.186905016*Feuil1!M3/10 -> 0 | ... W2: =1.186905016*Feuil1!V3/10 -> 0
A3: MESSAGE2022 | B3: Current Policies | C3: World | D3: Price|Carbon | E3: US$2010/t CO2 | F3: 0 | G3: =1.186905016*Feuil1!F9/10 -> 0.15409992 | H3: =1.186905016*Feuil1!G9/10 -> 0.076141482 | I3: =1.186905016*Feuil1!H9/10 -> 0.036214579 | J3: =1.186905016*Feuil1!I9/10 -> 0.15878655 | K3: =1.186905016*Feuil1!J9/10 -> 0.29037132 | L3: =1.186905016*Feuil1!K9/10 -> 0.42080972 | M3: =1.186905016*Feuil1!L9/10 -> 0.55131973 | N3: =1.186905016*Feuil1!M9/10 -> 0.68200834 | O3: =1.186905016*Feuil1!N9/10 -> 0.81177233 | Q3: =1.186905016*Feuil1!P9/10 -> 1.0732911 | S3: =1.186905016*Feuil1!R9/10 -> 1.3319268 | U3: =1.186905016*Feuil1!T9/10 -> 1.590448 | W3: =1.186905016*Feuil1!V9/10 -> 1.8485837
A4: REMIND2022 | B4: Current Policies | C4: World | D4: Price|Carbon | E4: US$2010/t CO2 | F4: 0 | G4: =1.186905016*Feuil1!F15/10 -> 1.1545262 | H4: =1.186905016*Feuil1!G15/10 -> 0.75396954 | I4: =1.186905016*Feuil1!H15/10 -> 0.71450495 | J4: =1.186905016*Feuil1!I15/10 -> 0.69382907 | K4: =1.186905016*Feuil1!J15/10 -> 0.68895089 | L4: =1.186905016*Feuil1!K15/10 -> 0.7014846 | M4: =1.186905016*Feuil1!L15/10 -> 0.72293198 | N4: =1.186905016*Feuil1!M15/10 -> 0.75757773 | O4: =1.186905016*Feuil1!N15/10 -> 0.80208667 | Q4: =1.186905016*Feuil1!P15/10 -> 0.92639123 | S4: =1.186905016*Feuil1!R15/10 -> 1.0984687 | U4: =1.186905016*Feuil1!T15/10 -> 1.3262239 | W4: =1.186905016*Feuil1!V15/10 -> 1.668919
A5: GCAM2022 | B5: Nationally Determined Contributions (NDCs) | C5: World | D5: Price|Carbon | E5: US$2010/t CO2 | F5: 0 | G5: =1.186905016*Feuil1!F6/10 -> 0 | H5: =1.186905016*Feuil1!G6/10 -> 5.6721199 | I5: =1.186905016*Feuil1!H6/10 -> 6.2802892 | J5: =1.186905016*Feuil1!I6/10 -> 7.0610176 | K5: =1.186905016*Feuil1!J6/10 -> 9.4438098 | L5: =1.186905016*Feuil1!K6/10 -> 10.9277 | M5: =1.186905016*Feuil1!L6/10 -> 12.279885 | N5: =1.186905016*Feuil1!M6/10 -> 12.769948 | ... W5: =1.186905016*Feuil1!V6/10 -> 22.905916
A6: MESSAGE2022 | B6: Nationally Determined Contributions (NDCs) | C6: World | D6: Price|Carbon | E6: US$2010/t CO2 | F6: 0 | G6: =1.186905016*Feuil1!F12/10 -> 0.15409992 | H6: =1.186905016*Feuil1!G12/10 -> 0.63366572 | I6: =1.186905016*Feuil1!H12/10 -> 2.4133422 | J6: =1.186905016*Feuil1!I12/10 -> 4.7463614 | K6: =1.186905016*Feuil1!J12/10 -> 5.1368952 | L6: =1.186905016*Feuil1!K12/10 -> 5.6902742 | M6: =1.186905016*Feuil1!L12/10 -> 6.315622 | N6: =1.186905016*Feuil1!M12/10 -> 6.9489446 | O6: =1.186905016*Feuil1!N12/10 -> 7.5952654 | Q6: =1.186905016*Feuil1!P12/10 -> 8.9934273 | S6: =1.186905016*Feuil1!R12/10 -> 10.414586 | U6: =1.186905016*Feuil1!T12/10 -> 11.835953 | W6: =1.186905016*Feuil1!V12/10 -> 13.253004
A7: REMIND2022 | B7: Nationally Determined Contributions (NDCs) | C7: World | D7: Price|Carbon | E7: US$2010/t CO2 | F7: 0 | G7: =1.186905016*Feuil1!F18/10 -> 1.1545262 | H7: =1.186905016*Feuil1!G18/10 -> 2.9695889 | I7: =1.186905016*Feuil1!H18/10 -> 4.2271503 | J7: =1.186905016*Feuil1!I18/10 -> 4.5866876 | K7: =1.186905016*Feuil1!J18/10 -> 5.0129764 | L7: =1.186905016*Feuil1!K18/10 -> 5.5104677 | M7: =1.186905016*Feuil1!L18/10 -> 6.0135848 | N7: =1.186905016*Feuil1!M18/10 -> 6.5034561 | O7: =1.186905016*Feuil1!N18/10 -> 6.9918557 | Q7: =1.186905016*Feuil1!P18/10 -> 8.0224809 | S7: =1.186905016*Feuil1!R18/10 -> 9.0537708 | U7: =1.186905016*Feuil1!T18/10 -> 10.360553 | W7: =1.186905016*Feuil1!V18/10 -> 11.964276
A8: GCAM2022 | B8: Below 2°C | C8: World | D8: Price|Carbon | E8: US$2010/t CO2 | F8: 0 | G8: =1.186905016*Feuil1!F2/10 -> 0 | H8: =1.186905016*Feuil1!G2/10 -> 4.8014793 | I8: =1.186905016*Feuil1!H2/10 -> 7.6357505 | J8: =1.186905016*Feuil1!I2/10 -> 10.846878 | K8: =1.186905016*Feuil1!J2/10 -> 14.210612 | L8: =1.186905016*Feuil1!K2/10 -> 19.729982 | M8: =1.186905016*Feuil1!L2/10 -> 29.441876 | N8: =1.186905016*Feuil1!M2/10 -> 41.218626 | ... W8: =1.186905016*Feuil1!V2/10 -> 121.02525
A9: MESSAGE2022 | B9: Below 2°C | C9: World | D9: Price|Carbon | E9: US$2010/t CO2 | F9: 0 | G9: =1.186905016*Feuil1!F8/10 -> 0.15409992 | H9: =1.186905016*Feuil1!G8/10 -> 5.846198 | I9: =1.186905016*Feuil1!H8/10 -> 8.0740863 | J9: =1.186905016*Feuil1!I8/10 -> 10.147538 | K9: =1.186905016*Feuil1!J8/10 -> 13.027312 | L9: =1.186905016*Feuil1!K8/10 -> 16.545243 | M9: =1.186905016*Feuil1!L8/10 -> 21.366725 | N9: =1.186905016*Feuil1!M8/10 -> 25.105484 | O9: =1.186905016*Feuil1!N8/10 -> 35.852285 | Q9: =1.186905016*Feuil1!P8/10 -> 49.646086 | S9: =1.186905016*Feuil1!R8/10 -> 49.018073 | U9: =1.186905016*Feuil1!T8/10 -> 37.514827 | W9: =1.186905016*Feuil1!V8/10 -> 45.82593
A10: REMIND2022 | B10: Below 2°C | C10: World | D10: Price|Carbon | E10: US$2010/t CO2 | F10: 0 | G10: =1.186905016*Feuil1!F14/10 -> 1.1545262 | H10: =1.186905016*Feuil1!G14/10 -> 4.1911396 | I10: =1.186905016*Feuil1!H14/10 -> 5.6409441 | J10: =1.186905016*Feuil1!I14/10 -> 7.3579921 | K10: =1.186905016*Feuil1!J14/10 -> 9.5298147 | L10: =1.186905016*Feuil1!K14/10 -> 12.348916 | M10: =1.186905016*Feuil1!L14/10 -> 16.005557 | N10: =1.186905016*Feuil1!M14/10 -> 18.005919 | O10: =1.186905016*Feuil1!N14/10 -> 20.007005 | Q10: =1.186905016*Feuil1!P14/10 -> 24.008525 | S10: =1.186905016*Feuil1!R14/10 -> 28.010519 | U10: =1.186905016*Feuil1!T14/10 -> 32.010828 | W10: =1.186905016*Feuil1!V14/10 -> 36.014342
A11: GCAM2022 | B11: Net Zero 2050 | C11: World | D11: Price|Carbon | E11: US$2010/t CO2 | F11: 0 | G11: =1.186905016*Feuil1!F7/10 -> 0 | H11: =1.186905016*Feuil1!G7/10 -> 8.2677902 | I11: =1.186905016*Feuil1!H7/10 -> 12.340009 | J11: =1.186905016*Feuil1!I7/10 -> 16.937284 | K11: =1.186905016*Feuil1!J7/10 -> 21.719549 | L11: =1.186905016*Feuil1!K7/10 -> 37.549518 | M11: =1.186905016*Feuil1!L7/10 -> 74.42863 | N11: =1.186905016*Feuil1!M7/10 -> 85.585528 | ... W11: =1.186905016*Feuil1!V7/10 -> 174.70219
A12: MESSAGE2022 | B12: Net Zero 2050 | C12: World | D12: Price|Carbon | E12: US$2010/t CO2 | F12: 0 | G12: =1.186905016*Feuil1!F13/10 -> 0.15409992 | H12: =1.186905016*Feuil1!G13/10 -> 30.716546 | I12: =1.186905016*Feuil1!H13/10 -> 41.207323 | J12: =1.186905016*Feuil1!I13/10 -> 50.035828 | K12: =1.186905016*Feuil1!J13/10 -> 63.763118 | L12: =1.186905016*Feuil1!K13/10 -> 81.417218 | M12: =1.186905016*Feuil1!L13/10 -> 97.614571 | N12: =1.186905016*Feuil1!M13/10 -> 150.53269 | O12: =1.186905016*Feuil1!N13/10 -> 176.20919 | Q12: =1.186905016*Feuil1!P13/10 -> 30.135714 | S12: =1.186905016*Feuil1!R13/10 -> 30.914784 | U12: =1.186905016*Feuil1!T13/10 -> 36.178551 | W12: =1.186905016*Feuil1!V13/10 -> 40.367125
A13: REMIND2022 | B13: Net Zero 2050 | C13: World | D13: Price|Carbon | E13: US$2010/t CO2 | F13: 0 | G13: =1.186905016*Feuil1!F19/10 -> 1.1545262 | H13: =1.186905016*Feuil1!G19/10 -> 10.093084 | I13: =1.186905016*Feuil1!H19/10 -> 13.606928 | J13: =1.186905016*Feuil1!I19/10 -> 21.444003 | K13: =1.186905016*Feuil1!J19/10 -> 30.290457 | L13: =1.186905016*Feuil1!K19/10 -> 40.961433 | M13: =1.186905016*Feuil1!L19/10 -> 53.558187 | N13: =1.186905016*Feuil1!M19/10 -> 58.623328 | O13: =1.186905016*Feuil1!N19/10 -> 63.9938 | Q13: =1.186905016*Feuil1!P19/10 -> 61.69575 | S13: =1.186905016*Feuil1!R19/10 -> 61.575149 | U13: =1.186905016*Feuil1!T19/10 -> 62.402077 | W13: =1.186905016*Feuil1!V19/10 -> 64.05305
A14: GCAM2022 | B14: Delayed transition | C14: World | D14: Price|Carbon | E14: US$2010/t CO2 | F14: 0 | G14: =1.186905016*Feuil1!F4/10 -> 0 | H14: =1.186905016*Feuil1!G4/10 -> 0 | I14: =1.186905016*Feuil1!H4/10 -> 0 | J14: =1.186905016*Feuil1!I4/10 -> 9.7211949 | K14: =1.186905016*Feuil1!J4/10 -> 15.159039 | L14: =1.186905016*Feuil1!K4/10 -> 25.082267 | M14: =1.186905016*Feuil1!L4/10 -> 58.717608 | N14: =1.186905016*Feuil1!M4/10 -> 65.905357 | ... W14: =1.186905016*Feuil1!V4/10 -> 130.59902
A15: MESSAGE2022 | B15: Delayed transition | C15: World | D15: Price|Carbon | E15: US$2010/t CO2 | F15: 0 | G15: =1.186905016*Feuil1!F10/10 -> 0.15409992 | H15: =1.186905016*Feuil1!G10/10 -> 0.076141482 | I15: =1.186905016*Feuil1!H10/10 -> 0.036214579 | J15: =1.186905016*Feuil1!I10/10 -> 91.927017 | K15: =1.186905016*Feuil1!J10/10 -> 137.65896 | L15: =1.186905016*Feuil1!K10/10 -> 170.05155 | M15: =1.186905016*Feuil1!L10/10 -> 238.14956 | N15: =1.186905016*Feuil1!M10/10 -> 308.61102 | O15: =1.186905016*Feuil1!N10/10 -> 353.62857 | Q15: =1.186905016*Feuil1!P10/10 -> 548.17699 | S15: =1.186905016*Feuil1!R10/10 -> 204.43012 | U15: =1.186905016*Feuil1!T10/10 -> 71.432147 | W15: =1.186905016*Feuil1!V10/10 -> 73.756973
A16: REMIND2022 | B16: Delayed transition | C16: World | D16: Price|Carbon | E16: US$2010/t CO2 | F16: 0 | G16: =1.186905016*Feuil1!F16/10 -> 1.1545262 | H16: =1.186905016*Feuil1!G16/10 -> 0.75396954 | I16: =1.186905016*Feuil1!H16/10 -> 0.71450495 | J16: =1.186905016*Feuil1!I16/10 -> 15.117645 | K16: =1.186905016*Feuil1!J16/10 -> 24.093068 | L16: =1.186905016*Feuil1!K16/10 -> 34.508444 | M16: =1.186905016*Feuil1!L16/10 -> 45.815827 | N16: =1.186905016*Feuil1!M16/10 -> 48.621042 | O16: =1.186905016*Feuil1!N16/10 -> 51.985004 | Q16: =1.186905016*Feuil1!P16/10 -> 46.728094 | S16: =1.186905016*Feuil1!R16/10 -> 43.519534 | U16: =1.186905016*Feuil1!T16/10 -> 41.458711 | W16: =1.186905016*Feuil1!V16/10 -> 40.72683
A17: GCAM2022 | B17: Divergent Net Zero | C17: World | D17: Price|Carbon | E17: US$2010/t CO2 | F17: 0 | G17: =1.186905016*Feuil1!F5/10 -> 0 | H17: =1.186905016*Feuil1!G5/10 -> 29.044144 | I17: =1.186905016*Feuil1!H5/10 -> 31.232415 | J17: =1.186905016*Feuil1!I5/10 -> 37.926139 | K17: =1.186905016*Feuil1!J5/10 -> 49.439054 | L17: =1.186905016*Feuil1!K5/10 -> 79.058413 | M17: =1.186905016*Feuil1!L5/10 -> 141.43869 | N17: =1.186905016*Feuil1!M5/10 -> 158.89718 | ... W17: =1.186905016*Feuil1!V5/10 -> 275.00642
A18: MESSAGE2022 | B18: Divergent Net Zero | C18: World | D18: Price|Carbon | E18: US$2010/t CO2 | F18: 0 | G18: =1.186905016*Feuil1!F11/10 -> 0 | H18: =1.186905016*Feuil1!G11/10 -> 72.543829 | I18: =1.186905016*Feuil1!H11/10 -> 88.939238 | J18: =1.186905016*Feuil1!I11/10 -> 112.36991 | K18: =1.186905016*Feuil1!J11/10 -> 139.96271 | L18: =1.186905016*Feuil1!K11/10 -> 164.53478 | M18: =1.186905016*Feuil1!L11/10 -> 238.68648 | N18: =1.186905016*Feuil1!M11/10 -> 323.65598 | O18: =1.186905016*Feuil1!N11/10 -> 385.06168 | Q18: =1.186905016*Feuil1!P11/10 -> 73.884251 | S18: =1.186905016*Feuil1!R11/10 -> 66.395741 | U18: =1.186905016*Feuil1!T11/10 -> 84.56435 | W18: =1.186905016*Feuil1!V11/10 -> 100.6848
A19: REMIND2022 | B19: Divergent Net Zero | C19: World | D19: Price|Carbon | E19: US$2010/t CO2 | F19: 0 | G19: =1.186905016*Feuil1!F17/10 -> 2.8225669 | H19: =1.186905016*Feuil1!G17/10 -> 22.864847 | I19: =1.186905016*Feuil1!H17/10 -> 30.976405 | J19: =1.186905016*Feuil1!I17/10 -> 39.891961 | K19: =1.186905016*Feuil1!J17/10 -> 50.803036 | L19: =1.186905016*Feuil1!K17/10 -> 64.796029 | M19: =1.186905016*Feuil1!L17/10 -> 83.173283 | N19: =1.186905016*Feuil1!M17/10 -> 93.835096 | O19: =1.186905016*Feuil1!N17/10 -> 105.02423 | Q19: =1.186905016*Feuil1!P17/10 -> 127.3704 | S19: =1.186905016*Feuil1!R17/10 -> 138.54695 | U19: =1.186905016*Feuil1!T17/10 -> 149.96423 | W19: =1.186905016*Feuil1!V17/10 -> 161.13767

Sheet Feuil3
A1: Model | B1: Scenario | C1: Region | D1: Variable | E1: Unit | F1: 2020 | G1: 2025 | H1: 2030 | I1: 2035 | J1: 2040 | K1: 2045 | L1: 2050 | M1: 2055 | N1: 2060 | O1: 2065 | P1: 2070 | Q1: 2075 | R1: 2080 | S1: 2085 | T1: 2090 | U1: 2095 | V1: 2100
A2: GCAM 5.3+ NGFS | B2: Below 2?C | C2: World | D2: Emissions|CO2 | E2: Mt CO2/yr | F2: 38613.033 | G2: 35588.837 | H2: 31691.671 | I2: 26823.859 | J2: 21933.725 | K2: 17053.859 | L2: 11938.008 | M2: 7271.5658 | N2: 2536.2872 | O2: -459.25327 | P2: -1768.1643 | Q2: -2699.4181 | R2: -3305.146 | S2: -3488.0623 | T2: -3556.0612 | U2: -3542.5671 | V2: -2993.2889
A3: GCAM 5.3+ NGFS | B3: Current Policies | C3: World | D3: Emissions|CO2 | E3: Mt CO2/yr | F3: 38537.706 | G3: 39061.773 | H3: 38568.909 | I3: 37659.128 | J3: 36220.929 | K3: 35140.151 | L3: 34318.722 | M3: 36438.578 | N3: 38730.036 | O3: 38804.805 | P3: 38909.156 | Q3: 39075.011 | R3: 39220.633 | S3: 39278.401 | T3: 39409.542 | U3: 39542.218 | V3: 39305.83
A4: GCAM 5.3+ NGFS | B4: Delayed transition | C4: World | D4: Emissions|CO2 | E4: Mt CO2/yr | F4: 38459.575 | G4: 39439.476 | H4: 39346.202 | I4: 29474.409 | J4: 20337.224 | K4: 10962.062 | L4: 2453.5859 | M4: -883.38364 | N4: -4240.989 | O4: -5391.6817 | P4: -5785.1632 | Q4: -5994.7705 | R4: -6148.3074 | S4: -6011.3097 | T4: -5750.7756 | U4: -5436.7588 | V4: -4860.4791
A5: GCAM 5.3+ NGFS | B5: Divergent Net Zero | C5: World | D5: Emissions|CO2 | E5: Mt CO2/yr | F5: 38611.257 | G5: 26994.424 | H5: 22258.491 | I5: 16466.086 | J5: 10582.757 | K5: 4547.452 | L5: -1362.1225 | M5: -3195.8643 | N5: -4753.9238 | O5: -5277.5773 | P5: -5466.2532 | Q5: -5527.758 | R5: -5536.8862 | S5: -5504.9916 | T5: -5426.2805 | U5: -5320.3394 | V5: -4800.0168
A6: GCAM 5.3+ NGFS | B6: Nationally Determined Contributions (NDCs) | C6: World | D6: Emissions|CO2 | E6: Mt CO2/yr | F6: 38708.624 | G6: 36542.449 | H6: 35154.725 | I6: 33773.841 | J6: 31011.9 | K6: 28715.99 | L6: 26673.757 | M6: 25706.808 | N6: 24269.471 | O6: 23034.898 | P6: 21492.904 | Q6: 19968.39 | R6: 18654.784 | S6: 17442.118 | T6: 16494.142 | U6: 15642.441 | V6: 14735.333
A7: GCAM 5.3+ NGFS | B7: Net Zero 2050 | C7: World | D7: Emissions|CO2 | E7: Mt CO2/yr | F7: 38406.195 | G7: 31878.175 | H7: 25906.152 | I7: 18384.518 | J7: 12302.103 | K7: 5979.6456 | L7: -294.81832 | M7: -2255.3272 | N7: -4195.9406 | O7: -4802.4276 | P7: -5089.0595 | Q7: -5282.3792 | R7: -5431.5743 | S7: -5366.2022 | T7: -5212.1838 | U7: -5012.4441 | V7: -4545.045
A8: MESSAGEix-GLOBIOM 1.1-M-R12 | B8: Below 2?C | C8: World | D8: Emissions|CO2 | E8: Mt CO2/yr | F8: 41341.83 | G8: 32093.758 | H8: 27122.843 | I8: 23828.817 | J8: 20684.31 | K8: 16750.095 | L8: 13017.627 | M8: 10737.502 | N8: 8722.7741 | P8: 3231.8213 | R8: 809.95913 | T8: 850.43578 | V8: 878.00921
A9: MESSAGEix-GLOBIOM 1.1-M-R12 | B9: Current Policies | C9: World | D9: Emissions|CO2 | E9: Mt CO2/yr | F9: 41341.83 | G9: 42693.484 | H9: 44317.294 | I9: 44601.774 | J9: 44587.566 | K9: 45551.975 | L9: 46300.715 | M9: 46725.419 | N9: 48027.97 | P9: 49652.561 | R9: 57374.434 | T9: 64467.617 | V9: 71241.989
A10: MESSAGEix-GLOBIOM 1.1-M-R12 | B10: Delayed transition | C10: World | D10: Emissions|CO2 | E10: Mt CO2/yr | F10: 41341.83 | G10: 42693.484 | H10: 44317.294 | I10: 29788.684 | J10: 19008.732 | K10: 12775.317 | L10: 8640.9799 | M10: 5727.4445 | N10: 3338.3527 | P10: -1916.8916 | R10: -5391.7963 | T10: -5381.3397 | V10: -5397.0033
A11: MESSAGEix-GLOBIOM 1.1-M-R12 | B11: Divergent Net Zero | C11: World | D11: Emissions|CO2 | E11: Mt CO2/yr | F11: 41341.83 | G11: 26828.106 | H11: 16863.108 | I11: 10533.443 | J11: 7471.5531 | K11: 5385.2956 | L11: 3796.278 | M11: 2598.713 | N11: 1385.8119 | P11: 709.15099 | R11: 814.89091 | T11: 780.98725 | V11: 975.96346
A12: MESSAGEix-GLOBIOM 1.1-M-R12 | B12: Nationally Determined Contributions (NDCs) | C12: World | D12: Emissions|CO2 | E12: Mt CO2/yr | F12: 41341.83 | G12: 40689.748 | H12: 40438.207 | I12: 38499.777 | J12: 36537.916 | K12: 34595.595 | L12: 33016.916 | M12: 31084.386 | N12: 30147.987 | P12: 28749.206 | R12: 26790.689 | T12: 23689.209 | V12: 24482.797
A13: MESSAGEix-GLOBIOM 1.1-M-R12 | B13: Net Zero 2050 | C13: World | D13: Emissions|CO2 | E13: Mt CO2/yr | F13: 41341.83 | G13: 27567.479 | H13: 17884.385 | I13: 12199.419 | J13: 8936.835 | K13: 6353.584 | L13: 4354.8116 | M13: 2783.7843 | N13: 1068.4095 | P13: 676.40234 | R13: 677.46817 | T13: 802.7761 | V13: 828.60521
A14: REMIND-MAgPIE 3.0-4.4 | B14: Below 2?C | C14: World | D14: Emissions|CO2 | E14: Mt CO2/yr | F14: 42508.357 | G14: 35354.56 | H14: 30912.269 | I14: 23809.812 | J14: 18069.769 | K14: 13491.412 | L14: 10374.706 | M14: 8473.7488 | N14: 7385.5529 | P14: 6009.7754 | R14: 4994.5666 | T14: 3975.6376 | V14: 2935.3113
A15: REMIND-MAgPIE 3.0-4.4 | B15: Current Policies | C15: World | D15: Emissions|CO2 | E15: Mt CO2/yr | F15: 42508.357 | G15: 41673.561 | H15: 41798.738 | I15: 41753.327 | J15: 42266.7 | K15: 43520.907 | L15: 45144.461 | M15: 45583.024 | N15: 45977.712 | P15: 46188.936 | R15: 45562.327 | T15: 43890.707 | V15: 41655.513
A16: REMIND-MAgPIE 3.0-4.4 | B16: Delayed transition | C16: World | D16: Emissions|CO2 | E16: Mt CO2/yr | F16: 42508.357 | G16: 41673.561 | H16: 41798.738 | I16: 27738.971 | J16: 16860.787 | K16: 10270.301 | L16: 6672.2495 | M16: 4932.5434 | N16: 3893.2641 | P16: 2817.7731 | R16: 3013.9262 | T16: 3194.4569 | V16: 2438.4922
A17: REMIND-MAgPIE 3.0-4.4 | B17: Divergent Net Zero | C17: World | D17: Emissions|CO2 | E17: Mt CO2/yr | F17: 42508.357 | G17: 29792.989 | H17: 21602.96 | I17: 13862.74 | J17: 8563.8601 | K17: 5159.6706 | L17: 3125.9888 | M17: 2128.9352 | N17: 1434.2301 | P17: 143.6573 | R17: -619.943 | T17: -1458.2187 | V17: -2609.4112
A18: REMIND-MAgPIE 3.0-4.4 | B18: Nationally Determined Contributions (NDCs) | C18: World | D18: Emissions|CO2 | E18: Mt CO2/yr | F18: 42508.357 | G18: 39618.271 | H18: 38033.133 | I18: 34991.889 | J18: 31336.738 | K18: 28703.442 | L18: 27560.617 | M18: 26407.343 | N18: 25028.574 | P18: 21037.108 | R18: 17946.039 | T18: 15325.451 | V18: 13720.38
A19: REMIND-MAgPIE 3.0-4.4 | B19: Net Zero 2050 | C19: World | D19: Emissions|CO2 | E19: Mt CO2/yr | F19: 42508.357 | G19: 30772.056 | H19: 23406.248 | I19: 15274.397 | J19: 8951.6035 | K19: 4919.3684 | L19: 2391.5162 | M19: 745.7596 | N19: -466.6065 | P19: -1708.7215 | R19: -1852.6998 | T19: -2439.0838 | V19: -3471.0987
... A31: REMIND-MAgPIE 3.0-4.4 IntegratedPhysicalDamages (median) | B31: Net Zero 2050 | C31: World | D31: Emissions|CO2 | E31: Mt CO2/yr | F31: 42636.311 | G31: 30102.498 | H31: 22494.984 | I31: 14495.083 | J31: 8989.2957 | K31: 5252.7634 | L31: 2983.9362 | M31: 1520.6618 | N31: 419.06 | P31: -791.573 | R31: -1142.8758 | T31: -1833.992 | V31: -3106.1196

Sheet Feuil1
A1: Model | B1: Scenario | C1: Region | D1: Variable | E1: Unit | F1: 2020 | G1: 2025 | H1: 2030 | I1: 2035 | J1: 2040 | K1: 2045 | L1: 2050 | M1: 2055 | N1: 2060 | O1: 2065 | P1: 2070 | Q1: 2075 | R1: 2080 | S1: 2085 | T1: 2090 | U1: 2095 | V1: 2100
A2: GCAM 5.3+ NGFS | B2: Below 2?C | C2: World | D2: Price|Carbon | E2: US$2010/t CO2 | F2: 0 | G2: 40.453779 | H2: 64.333291 | I2: 91.387918 | J2: 119.7283 | K2: 166.23051 | L2: 248.05587 | M2: 347.27822 | N2: 486.18951 | O2: 680.66531 | P2: 748.73185 | Q2: 823.60338 | R2: 905.9662 | S2: 933.14485 | T2: 961.13796 | U2: 989.97445 | V2: 1019.6709
A3: GCAM 5.3+ NGFS | B3: Current Policies | C3: World | D3: Price|Carbon | E3: US$2010/t CO2 | F3: 0 | G3: 0 | H3: 0 | I3: 0 | J3: 0 | K3: 0 | L3: 0 | M3: 0 | N3: 0 | O3: 0 | P3: 0 | Q3: 0 | R3: 0 | S3: 0 | T3: 0 | U3: 0 | V3: 0
A4: GCAM 5.3+ NGFS | B4: Delayed transition | C4: World | D4: Price|Carbon | E4: US$2010/t CO2 | F4: 0 | G4: 0 | H4: 0 | I4: 81.903731 | J4: 127.71906 | K4: 211.32497 | L4: 494.71194 | M4: 555.27069 | N4: 659.20787 | O4: 743.97946 | P4: 790.36742 | Q4: 847.27748 | R4: 927.96237 | S4: 947.59857 | T4: 957.50693 | U4: 972.32303 | V4: 1100.3325
A5: GCAM 5.3+ NGFS | B5: Divergent Net Zero | C5: World | D5: Price|Carbon | E5: US$2010/t CO2 | F5: 0 | G5: 244.70487 | H5: 263.14166 | I5: 319.53812 | J5: 416.53758 | K5: 666.08879 | L5: 1191.6598 | M5: 1338.7523 | N5: 1773.9113 | O5: 1872.7357 | P5: 2009.5998 | Q5: 2195.7456 | R5: 2466.1403 | S5: 2529.0241 | T5: 2481.9958 | U5: 2350.7023 | V5: 2317.0044
A6: GCAM 5.3+ NGFS | B6: Nationally Determined Contributions (NDCs) | C6: World | D6: Price|Carbon | E6: US$2010/t CO2 | F6: 0 | G6: 47.789164 | H6: 52.913157 | I6: 59.491008 | J6: 79.566686 | K6: 92.068869 | L6: 103.46139 | M6: 107.59031 | N6: 120.74712 | O6: 124.61749 | P6: 139.64125 | Q6: 152.40461 | R6: 157.20397 | S6: 163.53071 | T6: 169.39598 | U6: 174.33012 | V6: 192.98862
A7: GCAM 5.3+ NGFS | B7: Net Zero 2050 | C7: World | D7: Price|Carbon | E7: US$2010/t CO2 | F7: 0 | G7: 69.658398 | H7: 103.96795 | I7: 142.70125 | J7: 182.99315 | K7: 316.36498 | L7: 627.0816 | M7: 721.08152 | N7: 910.32364 | O7: 939.1452 | P7: 1004.0487 | Q7: 1106.0741 | R7: 1247.8014 | S7: 1283.164 | T7: 1303.2192 | U7: 1319.1302 | V7: 1471.9138
A8: MESSAGEix-GLOBIOM 1.1-M-R12 | B8: Below 2?C | C8: World | D8: Price|Carbon | E8: US$2010/t CO2 | F8: 1.298334 | G8: 49.25582 | H8: 68.02639 | I8: 85.495787 | J8: 109.75867 | K8: 139.39821 | L8: 180.02051 | M8: 211.52058 | N8: 302.06533 | P8: 418.28188 | R8: 412.9907 | T8: 316.0727 | V8: 386.09602
A9: MESSAGEix-GLOBIOM 1.1-M-R12 | B9: Current Policies | C9: World | D9: Price|Carbon | E9: US$2010/t CO2 | F9: 1.298334 | G9: 0.64151285 | H9: 0.30511775 | I9: 1.3378202 | J9: 2.446458 | K9: 3.5454372 | L9: 4.6450198 | M9: 5.7461071 | N9: 6.8394043 | P9: 9.042772 | R9: 11.221848 | T9: 13.39996 | V9: 15.574824
A10: MESSAGEix-GLOBIOM 1.1-M-R12 | B10: Delayed transition | C10: World | D10: Price|Carbon | E10: US$2010/t CO2 | F10: 1.298334 | G10: 0.64151285 | H10: 0.30511775 | I10: 774.51031 | J10: 1159.8144 | K10: 1432.7309 | L10: 2006.4753 | M10: 2600.1324 | N10: 2979.4176 | P10: 4618.5413 | R10: 1722.3797 | T10: 601.83542 | V10: 621.42271
A11: MESSAGEix-GLOBIOM 1.1-M-R12 | B11: Divergent Net Zero | C11: World | D11: Price|Carbon | E11: US$2010/t CO2 | F11: 0 | G11: 611.20164 | H11: 749.33745 | I11: 946.74732 | J11: 1179.2241 | K11: 1386.2506 | L11: 2010.999 | M11: 2726.8903 | N11: 3244.2502 | P11: 622.49506 | R11: 559.40231 | T11: 712.47782 | V11: 848.29706
A12: MESSAGEix-GLOBIOM 1.1-M-R12 | B12: Nationally Determined Contributions (NDCs) | C12: World | D12: Price|Carbon | E12: US$2010/t CO2 | F12: 1.298334 | G12: 5.3388073 | H12: 20.333069 | I12: 39.989396 | J12: 43.27975 | K12: 47.942119 | L12: 53.210846 | M12: 58.546763 | N12: 63.992192 | P12: 75.772089 | R12: 87.745738 | T12: 99.72115 | V12: 111.66019
A13: MESSAGEix-GLOBIOM 1.1-M-R12 | B13: Net Zero 2050 | C13: World | D13: Price|Carbon | E13: US$2010/t CO2 | F13: 1.298334 | G13: 258.79531 | H13: 347.18299 | I13: 421.56556 | J13: 537.22174 | K13: 685.96237 | L13: 822.42951 | M13: 1268.2792 | N13: 1484.6107 | P13: 253.90165 | R13: 260.46552 | T13: 304.8142 | V13: 340.10409
A14: REMIND-MAgPIE 3.0-4.4 | B14: Below 2?C | C14: World | D14: Price|Carbon | E14: US$2010/t CO2 | F14: 9.7272 | G14: 35.3115 | H14: 47.5265 | I14: 61.9931 | J14: 80.2913 | K14: 104.043 | L14: 134.8512 | M14: 151.7048 | N14: 168.5645 | P14: 202.2784 | R14: 235.9963 | T14: 269.7 | V14: 303.4307
A15: REMIND-MAgPIE 3.0-4.4 | B15: Current Policies | C15: World | D15: Price|Carbon | E15: US$2010/t CO2 | F15: 9.7272 | G15: 6.3524 | H15: 6.0199 | I15: 5.8457 | J15: 5.8046 | K15: 5.9102 | L15: 6.0909 | M15: 6.3828 | N15: 6.7578 | P15: 7.8051 | R15: 9.2549 | T15: 11.1738 | V15: 14.0611
A16: REMIND-MAgPIE 3.0-4.4 | B16: Delayed transition | C16: World | D16: Price|Carbon | E16: US$2010/t CO2 | F16: 9.7272 | G16: 6.3524 | H16: 6.0199 | I16: 127.3703 | J16: 202.9907 | K16: 290.7431 | L16: 386.0109 | M16: 409.6456 | N16: 437.9879 | P16: 393.697 | R16: 366.664 | T16: 349.301 | V16: 343.1347
A17: REMIND-MAgPIE 3.0-4.4 | B17: Divergent Net Zero | C17: World | D17: Price|Carbon | E17: US$2010/t CO2 | F17: 23.7809 | G17: 192.6426 | H17: 260.9847 | I17: 336.1007 | J17: 428.0295 | K17: 545.9243 | L17: 700.7577 | M17: 790.5864 | N17: 884.8579 | P17: 1073.1305 | R17: 1167.296 | T17: 1263.4897 | V17: 1357.629
A18: REMIND-MAgPIE 3.0-4.4 | B18: Nationally Determined Contributions (NDCs) | C18: World | D18: Price|Carbon | E18: US$2010/t CO2 | F18: 9.7272 | G18: 25.0196 | H18: 35.6149 | I18: 38.6441 | J18: 42.2357 | K18: 46.4272 | L18: 50.6661 | M18: 54.7934 | N18: 58.9083 | P18: 67.5916 | R18: 76.2805 | T18: 87.2905 | V18: 100.8023
A19: REMIND-MAgPIE 3.0-4.4 | B19: Net Zero 2050 | C19: World | D19: Price|Carbon | E19: US$2010/t CO2 | F19: 9.7272 | G19: 85.037 | H19: 114.6421 | I19: 180.6716 | J19: 255.2054 | K19: 345.1113 | L19: 451.2424 | M19: 493.9176 | N19: 539.1653 | P19: 519.8036 | R19: 518.7875 | T19: 525.7546 | V19: 539.6645
... A31: REMIND-MAgPIE 3.0-4.4 IntegratedPhysicalDamages (median) | B31: Net Zero 2050 | C31: World | D31: Price|Carbon | E31: US$2010/t CO2 | F31: 9.5607 | G31: 91.2573 | H31: 116.7285 | I31: 180.3663 | J31: 248.7624 | K31: 329.5889 | L31: 422.1846 | M31: 457.0815 | N31: 496.7862 | P31: 483.358 | R31: 492.4576 | T31: 509.3158 | V31: 534.6972

Sheet README
A1: © NGFS Scenario Explorer https://data.ece.iiasa.ac.at/ngfs
A2: NGFS Scenario Explorer and Data hosted by IIASA
